<?xml version="1.0" encoding="UTF-8"?>
<beans xmlns="http://www.springframework.org/schema/beans"
       xmlns:xsi="http://www.w3.org/2001/XMLSchema-instance"
       xmlns:camel="http://camel.apache.org/schema/spring"
       xsi:schemaLocation="http://www.springframework.org/schema/beans
          http://www.springframework.org/schema/beans/spring-beans-4.2.xsd
          http://camel.apache.org/schema/spring
          http://camel.apache.org/schema/spring/camel-spring.xsd">

    <camel:sslContextParameters id="clientSslContext" certAlias="1.0.1">
        <camel:keyManagers keyPassword="password">
            <camel:keyStore resource="etc/consumer-keystore.p12" password="password"/>
        </camel:keyManagers>
        <camel:trustManagers>
            <camel:keyStore resource="etc/truststore.p12" password="password"/>
        </camel:trustManagers>
    </camel:sslContextParameters>

    <camelContext xmlns="http://camel.apache.org/schema/spring">
        <route id="idscp2ReceiverClient">
            <from uri="idscp2client://provider-core:29292?sslContextParameters=#clientSslContext"/>
            <log message="Client received: ${body} (Header: ${headers[idscp2-header]})"/>
            <!-- Prevents the client consumer from sending the message back to the server -->
            <removeHeader name="idscp2-header"/>
            <setBody>
                <simple>${null}</simple>
            </setBody>
        </route>

    </camelContext>

</beans>