<?xml version="1.0" encoding="UTF-8"?>
<beans xmlns="http://www.springframework.org/schema/beans"
       xmlns:xsi="http://www.w3.org/2001/XMLSchema-instance"
       xmlns:camel="http://camel.apache.org/schema/spring"
       xsi:schemaLocation="http://www.springframework.org/schema/beans
          http://www.springframework.org/schema/beans/spring-beans.xsd
          http://camel.apache.org/schema/spring
          http://camel.apache.org/schema/spring/camel-spring.xsd">

    <camel:sslContextParameters id="clientSslContext" certAlias="1">
        <camel:keyManagers keyPassword="password">
            <camel:keyStore resource="etc/keystore.p12" password="password"/>
        </camel:keyManagers>
        <camel:trustManagers>
            <camel:keyStore resource="etc/truststore.p12" password="password"/>
        </camel:trustManagers>
    </camel:sslContextParameters>

    <camelContext xmlns="http://camel.apache.org/schema/spring">
        <errorHandler id="restartErrorHandler" type="DeadLetterChannel" deadLetterUri="direct:errorHandling">
            <redeliveryPolicy maximumRedeliveries="0" redeliveryDelay="0" />
        </errorHandler>

        <route id="errorHandlerRoute">
            <from uri="direct:errorHandling"/>
            <log loggingLevel="ERROR" message="Error occured, try to stop route artifactUpdate and restart route contractNegotiation..."/>
            <setProperty name="timeout-seconds">
                <constant>10</constant>
            </setProperty>
            <process ref="shutdownConfigurationProcessor"/>
            <to uri="controlbus:route?routeId=artifactRequestRoute&amp;action=stop"/>
            <to uri="controlbus:route?routeId=contractNegotiationRoute&amp;action=restart"/>
        </route>

        <route id="contractNegotiationRoute" errorHandlerRef="restartErrorHandler">
            <from uri="timer://contractRequest?repeatCount=1" />
            <setProperty name="artifactUri">
                <constant>https://example.com/some_artifact</constant>
            </setProperty>
            <process ref="contractRequestCreationProcessor" />
            <to uri="idscp2client://tc-core-server:29292?awaitResponse=true&amp;connectionShareId=ucConnection&amp;sslContextParameters=#clientSslContext&amp;useIdsMessages=true"/>
            <process ref="idsMessageTypeExtractionProcessor"/>
            <choice>
                <when>
                    <simple>${exchangeProperty.ids-type} == 'ContractResponseMessage'</simple>
                    <log message="### Handle ContractResponseMessage ###"/>
                    <process ref="contractResponseProcessor"/>
                    <to uri="idscp2client://tc-core-server:29292?awaitResponse=true&amp;connectionShareId=ucConnection&amp;sslContextParameters=#clientSslContext&amp;useIdsMessages=true"/>
                    <process ref="idsMessageTypeExtractionProcessor"/>
                    <choice>
                        <when>
                            <simple>${exchangeProperty.ids-type} == 'MessageProcessedNotificationMessage'</simple>
                            <log message="### Received MessageProcessedNotificationMessage, starting artifactRequestRoute... ###"/>
                            <to uri="controlbus:route?routeId=artifactRequestRoute&amp;action=start"/>
                        </when>
                        <otherwise>
                            <log loggingLevel="ERROR" message="Expected MessageProcessedNotificationMessage, but received ${exchangeProperty.ids-type}."/>
                            <throwException exceptionType="java.lang.RuntimeException"/>
                        </otherwise>
                    </choice>
                </when>
                <otherwise>
                    <log loggingLevel="ERROR" message="Expected ContractResponseMessage, but received ${exchangeProperty.ids-type}."/>
                    <throwException exceptionType="java.lang.RuntimeException"/>
                </otherwise>
            </choice>
        </route>

        <route id="artifactRequestRoute" autoStartup="false" errorHandlerRef="restartErrorHandler">
            <from uri="timer://tenSecondsTimer?fixedRate=true&amp;period=10000"/>
            <setProperty name="artifactUri">
                <constant>https://example.com/some_artifact</constant>
            </setProperty>
            <process ref="artifactRequestCreationProcessor" />
            <to uri="idscp2client://tc-core-server:29292?awaitResponse=true&amp;connectionShareId=ucConnection&amp;sslContextParameters=#clientSslContext&amp;useIdsMessages=true"/>
            <process ref="idsMessageTypeExtractionProcessor"/>
            <choice>
                <when>
                    <simple>${exchangeProperty.ids-type} == 'ArtifactResponseMessage'</simple>
                    <log message="### Handle ArtifactResponseMessage ###"/>
                    <to uri="http://echo-server:80"/>
                </when>
                <otherwise>
                    <log loggingLevel="ERROR" message="Expected ArtifactResponseMessage, but received ${exchangeProperty.ids-type}."/>
                    <throwException exceptionType="java.lang.RuntimeException"/>
                </otherwise>
            </choice>
        </route>

    </camelContext>

</beans>