<?xml version="1.0" encoding="UTF-8"?>
<beans xmlns="http://www.springframework.org/schema/beans"
       xmlns:xsi="http://www.w3.org/2001/XMLSchema-instance"
       xmlns:camel="http://camel.apache.org/schema/spring"
       xsi:schemaLocation="http://www.springframework.org/schema/beans
          http://www.springframework.org/schema/beans/spring-beans.xsd
          http://camel.apache.org/schema/spring
          http://camel.apache.org/schema/spring/camel-spring.xsd">

    <camel:sslContextParameters id="serverSslContext" certAlias="1">
        <camel:keyManagers keyPassword="password">
            <camel:keyStore resource="etc/keystore.p12" password="password"/>
        </camel:keyManagers>
        <camel:trustManagers>
            <camel:keyStore resource="etc/truststore.p12" password="password"/>
        </camel:trustManagers>
    </camel:sslContextParameters>

    <camelContext xmlns="http://camel.apache.org/schema/spring">
        <route id="makeContract">
            <from uri="timer://contractRequest?repeatCount=1" />
            <log message="### Create Contract ###"/>
            <setProperty name="artifactUri">
                <constant>https://example.com/some_artifact</constant>
            </setProperty>
            <setProperty name="uc-docker-image-uris">
                <constant>
                    https://hub.docker.com/layers/jmalloc/echo-server/latest/images/sha256-c461e7e54d947a8777413aaf9c624b4ad1f1bac5d8272475da859ae82c1abd7d#8080
                    https://hub.docker.com/layers/jmalloc/echo-server/latest/images/sha256-c461e7e54d947a8777413aaf9c624b4ad1f1bac5d8272475da859ae82c1abd7d#80
                    https://hub.docker.com/layers/jmalloc/echo-server/latest/images/sha256-d461e7e54d947a8777413aaf9c624b4ad1f1bac5d8272475da859ae82c1abd7d#8080
                </constant>
            </setProperty>
            <!-- These values are examples that are always fulfilled (until 2100), replace them with your own values as necessary. -->
            <setProperty name="uc-not-before-datetime">
                <constant>2023-01-01T00:00:00.0Z</constant>
            </setProperty>
            <setProperty name="uc-not-after-datetime">
                <constant>2100-01-01T00:00:00.0Z</constant>
            </setProperty>
            <setProperty name="contract-store-key">
                <constant>some_contract</constant>
            </setProperty>
            <process ref="contractOfferStoreProcessor"/>
        </route>
    </camelContext>

</beans>