<?xml version="1.0" encoding="UTF-8"?>
<beans xmlns="http://www.springframework.org/schema/beans"
       xmlns:xsi="http://www.w3.org/2001/XMLSchema-instance"
       xmlns:camel="http://camel.apache.org/schema/spring"
       xsi:schemaLocation="http://www.springframework.org/schema/beans
          http://www.springframework.org/schema/beans/spring-beans.xsd
          http://camel.apache.org/schema/spring
          http://camel.apache.org/schema/spring/camel-spring.xsd">

    <camel:sslContextParameters id="serverSslContext" certAlias="1">
        <camel:keyManagers keyPassword="password">
            <camel:keyStore resource="etc/keystore.p12" password="password"/>
        </camel:keyManagers>
        <camel:trustManagers>
            <camel:keyStore resource="etc/truststore.p12" password="password"/>
        </camel:trustManagers>
    </camel:sslContextParameters>

    <camelContext xmlns="http://camel.apache.org/schema/spring">
        <route id="idscp2Server">
            <from uri="timer://tenSecondsTimer?fixedRate=true&amp;period=10000"/>
            <setBody>
                <simple>BROADCAST</simple>
            </setBody>
            <setHeader name="ids-header">
                <simple>broadcast</simple>
            </setHeader>
            <log message="Server broadcast to connected clients: ${body} (Header: ${headers[ids-header]})"/>
            <to uri="idscp2server://0.0.0.0:29292?sslContextParameters=#serverSslContext"/>
        </route>

    </camelContext>

</beans>