<?xml version="1.0" encoding="UTF-8"?>
<beans xmlns="http://www.springframework.org/schema/beans"
       xmlns:xsi="http://www.w3.org/2001/XMLSchema-instance"
       xmlns:camel="http://camel.apache.org/schema/spring"
       xsi:schemaLocation="http://www.springframework.org/schema/beans
          http://www.springframework.org/schema/beans/spring-beans.xsd
          http://camel.apache.org/schema/spring
          http://camel.apache.org/schema/spring/camel-spring.xsd">

    <bean class="org.springframework.context.support.PropertySourcesPlaceholderConfigurer"/>

    <camel:sslContextParameters id="serverSslContext" certAlias="1">
        <camel:keyManagers keyPassword="password">
            <camel:keyStore resource="etc/keystore.p12" password="password"/>
        </camel:keyManagers>
        <camel:trustManagers>
            <camel:keyStore resource="etc/truststore.p12" password="password"/>
        </camel:trustManagers>
    </camel:sslContextParameters>

    <bean name="dapsDriver" class="de.fhg.aisec.ids.idscp2.beans.AisecDapsDriverFactoryBean">
        <property name="dapsUrl" value="${connector.daps-url}"/>
        <property name="dapsSslParameters" ref="serverSslContext"/>
        <property name="transportCertificatesParameters" ref="serverSslContext"/>
    </bean>

    <bean name="attestationConfig" class="de.fhg.aisec.ids.idscp2.beans.AttestationConfigFactoryBean">
        <property name="expectedRaSuite" value="Dummy2|Dummy"/>
        <property name="supportedRaSuite" value="Dummy2|Dummy"/>
    </bean>

    <bean name="idscp2Config" class="de.fhg.aisec.ids.idscp2.beans.Idscp2ConfigurationFactoryBean">
        <property name="attestationConfig" ref="attestationConfig"/>
        <property name="dapsDriver" ref="dapsDriver"/>
        <property name="handshakeTimeoutDelay" value="10000"/>
    </bean>

    <bean name="tlsConfig" class="de.fhg.aisec.ids.idscp2.beans.NativeTlsConfigurationBuilderFactoryBean">
        <property name="sslParameters" ref="serverSslContext"/>
    </bean>

    <camelContext xmlns="http://camel.apache.org/schema/spring">

        <route id="idscp2Server">
            <from uri="idscp2server://0.0.0.0:29292?idscp2Configuration=#idscp2Config&amp;secureChannelConfigurationBuilder=#tlsConfig"/>
            <log message="Server received: ${body} (Header: ${headers[ids-header]})"/>
            <setBody>
                <simple>PONG</simple>
            </setBody>
            <setHeader name="ids-header">
                <simple>pong</simple>
            </setHeader>
            <log message="Server response: ${body} (Header: ${headers[ids-header]})"/>
        </route>

    </camelContext>

</beans>