<?xml version="1.0" encoding="UTF-8"?>
<beans xmlns="http://www.springframework.org/schema/beans"
       xmlns:xsi="http://www.w3.org/2001/XMLSchema-instance"
       xmlns:camel="http://camel.apache.org/schema/spring"
       xsi:schemaLocation="http://www.springframework.org/schema/beans http://www.springframework.org/schema/beans/spring-beans.xsd
                        http://camel.apache.org/schema/spring http://camel.apache.org/schema/spring/camel-spring.xsd">

    <camel:sslContextParameters id="rootServerSslContext" certAlias="1">
        <camel:keyManagers keyPassword="password">
            <camel:keyStore resource="etc/keystore.p12" password="password"/>
        </camel:keyManagers>
        <camel:trustManagers>
            <camel:keyStore resource="etc/truststore.p12" password="password"/>
        </camel:trustManagers>
        <camel:serverParameters clientAuthentication="WANT"/>
    </camel:sslContextParameters>

    <bean name="rootDaps" class="de.fhg.aisec.ids.idscp2.beans.AisecDapsDriverFactoryBean">
        <property name="dapsUrl" value="https://daps-dev.aisec.fraunhofer.de/v4"/>
        <property name="dapsSslParameters" ref="rootServerSslContext"/>
        <property name="transportCertificatesParameters" ref="rootServerSslContext"/>
    </bean>

    <camelContext xmlns="http://camel.apache.org/schema/spring">
        <restConfiguration scheme="https" component="jetty" host="0.0.0.0" port="28282" bindingMode="off">
            <endpointProperty key="sslContextParameters" value="#rootServerSslContext"/>
        </restConfiguration>

        <rest>
            <post path="/selfInformation">
                <to uri="direct:route-self"/>
            </post>
        </rest>

        <route id="route-self">
            <from uri="direct:route-self"/>
            <process ref="idsMultiPartInputProcessor"/>
            <process ref="idsMessageTypeExtractionProcessor"/>
            <choice>
                <when>
                    <simple>${exchangeProperty.ids-type} == 'DescriptionRequestMessage'</simple>
                    <log message="### Received DescriptionRequestMessage ###"/>
                    <process ref="descriptionRequestProcessor"/>
                    <process ref="idsMultiPartOutputProcessor"/>
                </when>
                <otherwise>
                    <log loggingLevel="ERROR"
                         message="### Server received unexpected message (otherwise branch):\n${body}\n### Header: ###\n${headers[idscp2-header]}"/>
                    <removeHeader name="idscp2-header"/>
                    <setBody>
                        <simple>${null}</simple>
                    </setBody>
                </otherwise>
            </choice>
        </route>

    </camelContext>

</beans>