<?xml version="1.0" encoding="UTF-8"?>
<beans xmlns="http://www.springframework.org/schema/beans"
       xmlns:xsi="http://www.w3.org/2001/XMLSchema-instance"
       xmlns:camel="http://camel.apache.org/schema/spring"
       xsi:schemaLocation="http://www.springframework.org/schema/beans
          http://www.springframework.org/schema/beans/spring-beans.xsd
          http://camel.apache.org/schema/spring
          http://camel.apache.org/schema/spring/camel-spring.xsd">

    <bean class="org.springframework.context.support.PropertySourcesPlaceholderConfigurer"/>

    <camel:sslContextParameters id="rootClientSslContext" certAlias="1">
        <camel:keyManagers keyPassword="password">
            <camel:keyStore resource="etc/keystore.p12" password="password"/>
        </camel:keyManagers>
        <camel:trustManagers>
            <camel:keyStore resource="etc/truststore.p12" password="password"/>
        </camel:trustManagers>
    </camel:sslContextParameters>

    <bean id="rootDaps" class="de.fhg.aisec.ids.idscp2.beans.AisecDapsDriverFactoryBean">
        <property name="dapsUrl" value="${connector.daps-url}"/>
        <property name="dapsSslParameters" ref="rootClientSslContext"/>
        <property name="transportCertificatesParameters" ref="rootClientSslContext"/>
    </bean>

    <camelContext xmlns="http://camel.apache.org/schema/spring">

        <route id="idscp2Client">
            <from uri="timer://tenSecondsTimer?fixedRate=true&amp;period=10000"/>
            <process ref="descriptionRequestCreationProcessor"/>
            <process ref="idsMultiPartOutputProcessor"/>
            <to uri="https://tc-core-server:28282/selfInformation?sslContextParameters=#rootClientSslContext"/>
            <process ref="idsMultiPartInputProcessor"/>
            <log message="Server self-description:\n${body}"/>
        </route>

    </camelContext>

</beans>