<?xml version="1.0" encoding="UTF-8"?>
<blueprint xmlns="http://www.osgi.org/xmlns/blueprint/v1.0.0"
  xmlns:xsi="http://www.w3.org/2001/XMLSchema-instance"
  xmlns:camel="http://camel.apache.org/schema/blueprint"
  xsi:schemaLocation="
 http://www.osgi.org/xmlns/blueprint/v1.0.0 http://www.osgi.org/xmlns/blueprint/v1.0.0/blueprint.xsd
 http://camel.apache.org/schema/blueprint http://camel.apache.org/schema/blueprint/camel-blueprint.xsd">

  <!-- Define TLS configuration for data provider -->
  <camel:sslContextParameters id="clientSslContext">
    <camel:keyManagers keyPassword="password">
      <camel:keyStore resource="etc/provider-client-keystore.jks" password="password"/>
    </camel:keyManagers>
    <camel:trustManagers>
      <camel:keyStore resource="etc/provider-client-truststore.jks" password="password"/>
    </camel:trustManagers>
  </camel:sslContextParameters>

  <!-- Routes -->
  <camelContext xmlns="http://camel.apache.org/schema/blueprint">
    <!-- Retrieve temperature value from Data App via HTTP GET request and forward it over secure IDS protocol,
          setting remote attestation to most relaxed config (for demo only. Use 1 in production )-->
    <route id="sendTemp">
      <!-- Alternative MQTT client, requires camel-mqtt feature in karaf-features-ids/build.gradle! -->
      <!--<from uri="mqtt:temp?host=tcp://mqtt-broker:1883&amp;subscribeTopicName=ids-example-010/temp"/>-->
      <from uri="paho:ids-example-010/temp?brokerUrl=tcp://mqtt-broker:1883"/>
      <convertBodyTo type="java.lang.String"/>
      <log message="Got temperature ${body}"/>
      <to
        uri="idsclient://consumer-core:9292/zero?sslContextParameters=#clientSslContext&amp;attestation=0"/>
    </route>
  </camelContext>
</blueprint>
