<?xml version="1.0" encoding="UTF-8"?>
<blueprint xmlns="http://www.osgi.org/xmlns/blueprint/v1.0.0"
           xmlns:xsi="http://www.w3.org/2001/XMLSchema-instance"
           xmlns:camel="http://camel.apache.org/schema/blueprint" xsi:schemaLocation="
 http://www.osgi.org/xmlns/blueprint/v1.0.0 http://www.osgi.org/xmlns/blueprint/v1.0.0/blueprint.xsd
 http://camel.apache.org/schema/blueprint http://camel.apache.org/schema/blueprint/camel-blueprint.xsd">

    <!-- Define TLS configuration for data consumer -->
    <camel:sslContextParameters id="serverSslContext">
        <camel:keyManagers keyPassword="password">
            <camel:keyStore resource="etc/consumer-keystore.p12" password="password"/>
        </camel:keyManagers>
        <camel:trustManagers>
            <camel:keyStore resource="etc/truststore.p12" password="password"/>
        </camel:trustManagers>
    </camel:sslContextParameters>

    <!-- Define TLS configuration for data provider -->
    <camel:sslContextParameters id="clientSslContext">
        <camel:keyManagers keyPassword="password">
            <camel:keyStore resource="etc/provider-keystore.p12" password="password"/>
        </camel:keyManagers>
        <camel:trustManagers>
            <camel:keyStore resource="etc/truststore.p12" password="password"/>
        </camel:trustManagers>
    </camel:sslContextParameters>

    <!-- Routes -->
    <camelContext xmlns="http://camel.apache.org/schema/blueprint">

        <route id="sendTime">
            <from uri="timer://tempPerSecond?fixedRate=true&amp;period=10000"/>
            <setBody>
                <simple>Message at $simple{date:now:yyyy-MM-dd HH:mm:ss}</simple>
            </setBody>
            <log message="Sending message body &quot;${body}&quot;..."/>
            <to uri="idscp2client://consumer-core:9292/?sslContextParameters=#clientSslContext" />
        </route>

        <route id="receiveTime">
            <from uri="idscp2server://0.0.0.0:9292/?sslContextParameters=#serverSslContext"/>
            <log message="Received via IDS protocol: ${body}"/>
        </route>

    </camelContext>

</blueprint>
